company_id,company_name,year,distress_level,signal_count,signals,CFO_cr,PAT_cr,FCF_cr,Debt_to_Equity,Interest_coverage,Current_debt_cr,Previous_debt_cr
ADANIENSOL,Adani Energy Solutions Ltd,Mar 2024,Medium,2,High debt-to-equity; Rising debt,6038.0,589.0,1095.0,2.93252116130053,2.284784965666787,39009.0,37070.0
ADANIENT,Adani Enterprises Ltd,Mar 2024,High,3,Negative FCF; High debt-to-equity; Rising debt,10312.0,6086.0,-8455.0,1.671358378544375,2.7492864983534577,80427.0,65310.0
ADANIGREEN,Adani Green Energy Ltd,Mar 2024,High,3,Negative FCF; High debt-to-equity; Rising debt,7713.0,1928.0,-13347.0,6.595281675818589,1.713943268078306,67430.0,64858.0
ADANIPORTS,"Adani Ports & Special Economic Zone Ltd
",Mar 2024,Medium,1,Rising debt,15018.0,9743.0,8250.0,0.9373223691689719,5.949506037321624,50485.0,49470.0
ADANIPOWER,Adani Power Ltd,Mar 2024,Medium,1,Rising debt,14170.0,12686.0,17651.0,0.8023177656738903,8.297225501770956,37705.0,34616.0
AMBUJACEM,Ambuja Cements Ltd,Mar 2024,Medium,2,Negative FCF; Rising debt,5646.0,3871.0,-3295.0,0.01686125048243921,28.264492753623188,779.0,699.0
APOLLOHOSP,"Apollo Hospitals
Chain of Indian private hospitals",Mar 2024,Medium,1,Rising debt,1920.0,1224.0,383.0,0.7688869665513264,5.565701559020044,7371.0,5333.0
ASIANPAINT,"Asian Paints
Indian Multi-National Paint and Coating Manufacturing Company",Mar 2024,Medium,1,Rising debt,6104.0,4631.0,3556.0,0.1321016659547202,41.00487804878049,2516.0,2474.0
AXISBANK,Axis Bank Ltd,Mar 2024,High,4,Negative CFO; Negative FCF; High debt-to-equity; Rising debt,-5555.0,26386.0,-14556.0,8.249122739980766,1.691203992514036,1295302.0,1152038.0
BAJAJ-AUTO,Bajaj Auto Ltd,Mar 2024,Medium,1,Rising debt,6558.0,7371.0,6486.0,0.06601754022512257,174.41666666666666,5245.0,1912.0
BAJAJFINSV,Bajaj Finserv Ltd,Mar 2024,High,4,Negative CFO; Negative FCF; High debt-to-equity; Rising debt,-68674.0,16520.0,-79634.0,4.789368120938867,2.197130112323319,318675.0,288933.0
BAJFINANCE,Bajaj Finance Ltd,Mar 2024,High,4,Negative CFO; Negative FCF; High debt-to-equity; Rising debt,-72760.0,15389.0,-79931.0,3.824788776468134,2689.1666666666665,324218.0,293346.0
BANKBARODA,Bank of Baroda,Mar 2024,High,4,Negative CFO; Negative FCF; High debt-to-equity; Rising debt,-6274.0,20144.0,-7559.0,12.143718727289434,1.8967477242617206,1453761.0,1342592.0
BEL,Bharat Electronics Ltd,Mar 2024,Medium,2,Negative FCF; Rising debt,4659.0,4541.0,-1265.0,0.5119047619047619,476.75,78.0,43.0
BHARTIARTL,Bharti Airtel Ltd,Mar 2024,Medium,2,High debt-to-equity; Rising debt,78898.0,13816.0,27809.0,2.6094723973904306,3.3055457435535147,225541.0,215592.0
BHEL,"Bharat Heavy Electricals Limited
",Mar 2024,High,3,Negative CFO; Negative FCF; Rising debt,-3713.0,445.0,-2382.0,0.36238644733611586,1.5929951690821256,9128.0,8856.0
BPCL,Bharat Petroleum Corporation Ltd,Mar 2024,Medium,1,Rising debt,35936.0,13734.0,25415.0,0.7218747934157467,11.355507351168956,58880.0,54599.0
BRITANNIA,Britannia Industries Ltd,Mar 2024,Medium,1,Rising debt,2573.0,2129.0,3050.0,0.5239786856127886,20.597560975609756,2754.0,2065.0
CANBK,Canara Bank,Mar 2024,Medium,2,High debt-to-equity; Rising debt,15046.0,16571.0,13296.0,14.867419925542423,1.6106611743349857,1369780.0,1237160.0
CHOLAFIN,Cholamandalam Investment & Finance Company Ltd,Mar 2024,High,4,Negative CFO; Negative FCF; High debt-to-equity; Rising debt,-35683.0,3852.0,-38538.0,6.863420609401317,21.211764705882352,157943.0,134475.0
COALINDIA,Coal India Ltd,Mar 2024,Medium,1,Rising debt,18103.0,34350.0,13617.0,0.0788468512027076,11.24178180085755,7816.0,6523.0
DABUR,Dabur India Ltd,Mar 2024,Medium,1,Rising debt,2013.0,1760.0,1042.0,0.13835394283397526,23.241935483870968,1752.0,1365.0
DIVISLAB,Divis Laboratories Ltd,Mar 2024,Medium,1,Rising debt,1261.0,1836.0,992.0,0.0002210596124088129,636.25,8.0,3.0
DMART,Avenue Supermarts Ltd,Mar 2024,Medium,1,Rising debt,2746.0,2720.0,278.0,0.031661140228901485,73.29310344827586,713.0,592.0
DRREDDY,Dr Reddys Laboratories Ltd,Mar 2024,Medium,1,Rising debt,4543.0,5448.0,509.0,0.07085722375592836,51.707602339181285,4854.0,2002.0
GODREJCP,Godrej Consumer Products Ltd,Mar 2024,High,3,Negative PAT; Negative FCF; Rising debt,2070.0,-453.0,-1365.0,0.2557548817272583,2.412903225806452,3828.0,3222.0
GRASIM,Grasim Industries Ltd,Mar 2024,High,4,Negative CFO; Negative FCF; High debt-to-equity; Rising debt,-10719.0,8693.0,-33833.0,1.5470993649397087,3.015845639754231,158159.0,137155.0
HAL,Hindustan Aeronautics Ltd,Mar 2024,Medium,1,Rising debt,8226.0,8472.0,1814.0,0.6180904522613065,270.8837209302326,124.0,123.0
HAVELLS,Havells India Ltd,Mar 2024,Medium,1,Rising debt,1953.0,1400.0,335.0,0.040687525177924,25.357142857142858,332.0,303.0
HCLTECH,HCL Technologies Ltd,Mar 2024,Medium,1,Rising debt,22448.0,17085.0,15840.0,0.08435023365512796,46.46112115732369,5791.0,5758.0
HDFCBANK,HDFC Bank Ltd,Mar 2024,High,3,High debt-to-equity; Weak interest coverage; Rising debt,19069.0,72168.0,35669.0,6.808786667718385,1.4007688224792112,3107503.0,2139212.0
HDFCLIFE,HDFC Life Insurance Company Ltd,Mar 2024,Medium,1,Negative FCF,10721.0,1747.0,-2893.0,0.06477567162143734,192.2895238095238,950.0,950.0
HINDALCO,Hindalco Industries Ltd,Mar 2024,Medium,1,Rising debt,24056.0,12488.0,9789.0,0.5309290976579428,126.46543778801843,60959.0,56356.0
HINDUNILVR,"Hindustan Unilever Ltd
",Mar 2024,Medium,1,Rising debt,15469.0,10757.0,10145.0,0.028974188761763442,57.847001223990205,1651.0,1484.0
ICICIBANK,ICICI Bank Ltd,Mar 2024,High,3,High debt-to-equity; Weak interest coverage; Rising debt,157284.0,52416.0,12547.0,6.445624336310825,1.3009461331381824,1651008.0,1399894.0
ICICIPRULI,ICICI Prudential Life Insurance Company Ltd,Mar 2024,Medium,1,Negative CFO,-7315.0,974.0,105.0,0.10904134484325306,31.021548821548823,0.0,1200.0
INDIGO,Interglobe Aviation Ltd,Mar 2024,Medium,1,Rising debt,21183.0,6074.0,9424.0,0.018579234972677595,22.612639724849526,20.0,17.0
INDUSINDBK,IndusInd Bank Ltd,Mar 2024,High,4,Negative CFO; Negative FCF; High debt-to-equity; Rising debt,-16843.0,8122.0,-17468.0,6.885742949503957,1.8795270558159352,432404.0,385449.0
INFY,Infosys Ltd,Mar 2024,Medium,1,Rising debt,25210.0,27687.0,20117.0,0.09486358890553362,87.52340425531915,8804.0,8359.0
IOC,"Indian Oil Corporation
",Mar 2024,Medium,1,Rising debt,71099.0,10909.0,39635.0,0.7230954600718581,10.282324578099226,163401.0,132628.0
IRFC,Indian Railway Finance Corporation Ltd,Mar 2024,Medium,2,High debt-to-equity; Weak interest coverage,7914.0,6537.0,7906.0,8.378352548852153,1.3194865927068304,403111.0,412039.0
ITC,"ITC Ltd
",Mar 2024,Medium,1,Rising debt,17179.0,20829.0,18742.0,0.004066731984914169,362.9625,304.0,303.0
JINDALSTEL,Jindal Steel & Power Ltd,Mar 2024,Medium,2,Negative FCF; Rising debt,6008.0,5060.0,-2336.0,0.3716941962270963,8.004636785162287,17266.0,16472.0
JIOFIN,Jio Financial Services Ltd,Mar 2024,Medium,1,Negative CFO,-678.0,1607.0,763.0,0.0,198.8,0.0,0.0
JSWENERGY,JSW Energy Ltd,Mar 2024,Medium,2,Negative FCF; High debt-to-equity,6234.0,1988.0,-1963.0,1.5156009984639016,2.8514369215781783,30853.0,31573.0
JSWSTEEL,JSW Steel Ltd,Mar 2024,Medium,2,Negative FCF; Rising debt,12078.0,3312.0,-2389.0,1.1328071688833383,3.659099321406539,95258.0,87984.0
KOTAKBANK,"Kotak Mahindra Bank Ltd
",Mar 2024,High,3,High debt-to-equity; Weak interest coverage; Rising debt,15685.0,22530.0,6766.0,4.003739266919029,1.2363751084470385,520374.0,418807.0
LICI,Life Insurance Corporation of India,Mar 2024,Medium,1,Rising debt,26122.0,41468.0,853.0,0.0,371.9375,10.0,0.0
LODHA,Macrotech Developers Ltd,Mar 2024,Medium,2,Negative FCF; Rising debt,2512.0,2511.0,-435.0,0.4406663232010991,5.628630705394191,7990.0,7698.0
LT,Larsen & Toubro Ltd,Mar 2024,Medium,1,Rising debt,18266.0,16150.0,20445.0,0.10345688880007993,3.5441547518923464,2326.0,2071.0
LTIM,LTIMindtree Ltd,Mar 2024,Medium,1,Rising debt,5670.0,4574.0,1752.0,0.10345688880007993,31.93243243243243,2326.0,2071.0
M&M,"Mahindra & Mahindra Ltd
",Mar 2024,High,4,Negative CFO; Negative FCF; High debt-to-equity; Rising debt,-5630.0,13009.0,-11245.0,1.6414413053331318,3.7646901709401708,116844.0,108647.0
MARUTI,Maruti Suzuki India Ltd,Mar 2024,Medium,1,Rising debt,16801.0,14021.0,4936.0,0.001389602503619973,117.90721649484536,158.0,119.0
MOTHERSON,Samvardhana Motherson International Ltd,Mar 2024,Medium,1,Rising debt,7569.0,4123.0,925.0,0.7616899254444657,5.224737713970182,25417.0,19922.0
NAUKRI,Info Edge (India) Ltd,Mar 2024,Medium,2,Negative FCF; Rising debt,702.0,551.0,-150.0,0.008129006675038002,28.97142857142857,256.0,246.0
NESTLEIND,Nestle India Ltd,Mar 2024,Medium,1,Rising debt,4175.0,3323.0,2938.0,0.10329341317365269,41.186206896551724,370.0,345.0
NHPC,"NHPC Ltd
",Mar 2024,Medium,1,Rising debt,6938.0,3417.0,970.0,0.8413260296625498,11.243421052631579,34210.0,32561.0
NTPC,NTPC Ltd,Mar 2024,Medium,1,Rising debt,40785.0,22546.0,8644.0,1.475521125007778,4.604991464108609,242009.0,237131.0
ONGC,Oil & Natural Gas Corpn Ltd,Mar 2024,Medium,1,Rising debt,99263.0,42320.0,42060.0,0.45444863084819176,11.361290955463998,191489.0,153181.0
PFC,Power Finance Corporation Ltd,Mar 2024,High,5,Negative CFO; Negative FCF; High debt-to-equity; Weak interest coverage; Rising debt,-97820.0,28248.0,-101229.0,8.521864217426122,0.5804147544943239,910447.0,861961.0
PNB,Punjab National Bank,Mar 2024,High,4,Negative CFO; Negative FCF; High debt-to-equity; Rising debt,-27939.0,14535.0,-29445.0,3.684256345007701,,55017.0,53621.0
RECLTD,REC Ltd,Mar 2024,High,4,Negative CFO; Negative FCF; High debt-to-equity; Rising debt,-57723.0,14885.0,-59554.0,6.4249170872386445,1.6004741552023507,483617.0,445568.0
SBILIFE,SBI Life Insurance Company Ltd,Mar 2024,Medium,1,Negative FCF,29122.0,2411.0,-2099.0,0.0,240.33333333333334,0.0,0.0
SBIN,State Bank of India,Mar 2024,Medium,1,Weak interest coverage,21632.0,74461.0,18156.0,,0.3660986540179259,,
SHREECEM,Shree Cement Ltd,Mar 2024,Medium,1,Rising debt,3347.0,1733.0,1929.0,0.07998840747717723,19.825581395348838,1682.0,1656.0
SHRIRAMFIN,"Shriram Finance Ltd
",Mar 2024,High,5,Negative CFO; Negative FCF; High debt-to-equity; Weak interest coverage; Rising debt,-31101.0,9454.0,-31359.0,3.994034363699512,0.6766743648960739,207820.0,195496.0
SIEMENS,Siemens Ltd,Sep 2024,Medium,1,Rising debt,1670.0,2718.0,1168.0,0.018167610861496385,67.15,279.0,175.0
TATAPOWER,"Tata Power Company Ltd
",Mar 2024,Medium,2,High debt-to-equity; Rising debt,12596.0,4403.0,3569.0,1.659321300531586,3.054392402331103,58314.0,53689.0
TATASTEEL,"Tata Steel Ltd
",Mar 2024,Medium,1,Rising debt,20301.0,2527.0,6048.0,0.9461835171402184,2.1634256792754396,99392.0,87082.0
TCS,Tata Consultancy Services Ltd,Mar 2024,Medium,1,Rising debt,44338.0,49006.0,50429.0,0.0886406082507266,87.09511568123393,9046.0,8021.0
TITAN,"Titan Company Ltd
",Mar 2024,Medium,2,High debt-to-equity; Rising debt,1695.0,3243.0,1506.0,1.653145959757266,9.411954765751211,21648.0,15528.0
TRENT,Trent Ltd,Mar 2024,Medium,1,Rising debt,1349.0,1809.0,841.0,0.4309242871189774,8.043478260869565,1842.0,1753.0
TVSMOTOR,TVS Motor Company Ltd,Mar 2024,High,3,Negative CFO; Negative FCF; High debt-to-equity,-1253.0,2094.0,-2254.0,3.833431603773585,2.9076763485477177,14619.0,26006.0
ULTRACEMCO,UltraTech Cement Ltd,Mar 2024,Medium,1,Rising debt,10898.0,6252.0,2109.0,0.1893305439330544,13.983471074380166,16964.0,11403.0
UNIONBANK,Union Bank of India,Mar 2024,High,3,High debt-to-equity; Weak interest coverage; Rising debt,19930.0,16344.0,18536.0,12.823705403799257,0.35356038128906003,1251568.0,1163059.0
UNITDSPR,United Spirits Ltd,Mar 2024,Medium,1,Rising debt,1118.0,1402.0,1344.0,,29.05263157894737,265.0,183.0
VBL,Varun Beverages Ltd,Dec 2023,Medium,1,Negative FCF,2391.0,2582.0,-897.0,,12.712328767123287,,
VEDL,Vedanta Ltd,Mar 2024,Medium,1,Rising debt,35654.0,15841.0,21978.0,,4.284310618066561,87706.0,80329.0
ZOMATO,Zomato Ltd,Mar 2024,Medium,1,Rising debt,646.0,663.0,298.0,,12.347222222222221,749.0,507.0
